,Unnamed: 0,id,story,post,label
0,26,'552806309540528128',charliehebdo,“@LePoint: #CharlieHebdo : “The cartoonists Charb &amp; cabu are dead.” http://t.co/7USD83cQd2 http://t.co/WGHbLiLFoX”,FALSE
1,27,'552978099357237248',charliehebdo,"Most compelling image I've seen to come out of horrifying events in Paris, courtesy of Banksy. #JeSuisCharlie http://t.co/EKBfbRR3HT",FALSE
2,29,'553587672137334785',charliehebdo,AFP: suspected #CharlieHebdo gunmen have been killed,TRUE
3,30,'553474188259102720',charliehebdo,"BREAKING: Shots fired, hostages taken in manhunt for #CharlieHebdo attackers, police say http://t.co/omBy6Wsgb7 http://t.co/ZbszAHyIzJ",FALSE
4,31,'552811386259386370',charliehebdo,At least 12 dead in the Paris shooting. Updated story and background info: http://t.co/QlPpQ2ss8j #CharlieHebdo http://t.co/DwMlafsD6K,TRUE
5,35,'553505242554175489',charliehebdo,"Suspects in #CharlieHebdo attack spoke to police by phone and said they wanted to die as martyrs, says French MP. http://t.co/bGkMtT3lUF",FALSE
6,36,'553586897168392192',charliehebdo,#BREAKING : Both Charlie Hebdo suspects killed as police storm building (police sources) http://t.co/OYSXRQ9xuv http://t.co/8ICThapo7z,TRUE
7,41,'552792913910833152',charliehebdo,"At least 11 dead in shooting at HQ of #CharlieHebdo in #Paris (police source)
https://t.co/e4dBcNVbvD",TRUE
8,45,'553486439129038848',charliehebdo,BREAKING: French police tell AP suspects in #CharlieHebdo attack have taken a hostage northeast of Paris.,FALSE
9,46,'552848620375261184',charliehebdo,Witnesses say the Charlie Hebdo gunmen identified themselves as members of al-Qaida: http://t.co/WSEe7PGIdY http://t.co/fTzk4xzZIr,FALSE
10,49,'553534838880608256',charliehebdo,#BREAKING Gunman in policewoman killing suspected in new Paris hostage-taking: source,TRUE
11,50,'553590835850514433',charliehebdo,"Hostage-taker in supermarket siege killed, reports say. #ParisAttacks http://t.co/0jxoozr8mN http://t.co/sY4M9Vox3L",TRUE
12,56,'553501357156876290',charliehebdo,"#CharlieHebdo suspects ""prepared to die as martyrs"", they tell police after making contact - French media http://t.co/Qgmn70TXSU",FALSE
13,58,'552996335319007233',charliehebdo,"RT @JeffersonObama: R.I.P. Ahmed Merabet, a French #Muslim Cop, first victim of #CharlieHebdo attack http://t.co/TMQsJCCKB5",FALSE
14,59,'552805488631758849',charliehebdo,"At least 12 killed in today's attack on satirical magazine #CharlieHebdo in Paris, official says. http://t.co/zUfxcG3Rfs",TRUE
15,61,'552821069036670976',charliehebdo,"4 #CharlieHebdo cartoonists killed:

- Charb
- Cabu
- Tignous
- Georges Wolinski

#JeSuisCharlie http://t.co/QbaEYog2S2",FALSE
16,62,'553588178687655936',charliehebdo,Reports: #CharlieHebdo suspects killed http://t.co/rsl4203bcQ,TRUE
17,65,'552785375161499649',charliehebdo,BREAKING: 10 reportedly shot dead at Paris HQ of French weekly Charlie Hebdo http://t.co/5F1DOwzoCQ,TRUE
18,67,'553476490315431937',charliehebdo,Police convoy and helicopters are rushing to scene to detain Charlie Hebdo massacre suspects http://t.co/XdUgohNDhv http://t.co/MSROYqs14o,TRUE
19,69,'553461741917863936',charliehebdo,Rural region of northern France searched in hunt for #CharlieHebdo gunmen - latest updates http://t.co/7iVIN3nqCv http://t.co/YrdUIOjrZF,FALSE
20,70,'552816020403269632',charliehebdo,"Looks like every Charlie Hebdo cartoonist has been killed: 1. Charb - was on Al-Qaeda's hit list; 2. Cabu, 3. Wolinski, 4. Tignous",FALSE
21,71,'553575232867672064',charliehebdo,MORE: Official: gunman holding at least five hostages in Paris market has threatened to kill them if police approach: http://t.co/KId3U6zhCK,FALSE
22,73,'553548567420628992',charliehebdo,"AFP reports there are 2 dead, and 5 hostages being held in the Kosher store in Eastern Paris; separate incident to charlie hebdo shooters.",FALSE
23,74,'552982613288157184',charliehebdo,Banksy says #JeSuisCharlie in a beautiful way (vi @lukeeve) http://t.co/GKFP5xVAoc,FALSE
24,76,'552783667052167168',charliehebdo,"France: 10 people dead after shooting at HQ of satirical weekly newspaper #CharlieHebdo, according to witnesses http://t.co/FkYxGmuS58",TRUE
25,78,'552802654641225728',charliehebdo,Charlie Hebdo shooting latest: 12 dead and gunmen still at large http://t.co/6jRqXgPogM http://t.co/hO7lvftma5,TRUE
26,79,'553566026030272512',charliehebdo,"Breaking: Two hostage situations in France are linked, Paris prosecutor says",TRUE
27,80,'552834961762709505',charliehebdo,Paris Manhunt: 3 #CharlieHebdo attackers with AK-47 rifles &amp; reportedly rocket-propelled grenade still at large http://t.co/3Jsosc7yl3,TRUE
28,82,'552791578893619200',charliehebdo,Eleven dead in shooting at Paris offices of satirical magazine Charlie Hebdo – live updates http://t.co/gOtSqbwROc,TRUE
29,83,'553221600955621376',charliehebdo,"Clarissa, 27 years old, police trainee of Montrouge Police in #France. Victim of this morning's attack. via @_batou_ http://t.co/kk0w0D6NNv",TRUE
30,84,'553212962044149761',charliehebdo,"Paris says highest alert level extended north to region where attack suspects spotted - @AFP, @MelissaBellF24 https://t.co/pj8kecnVt7",FALSE
31,85,'553467311261503488',charliehebdo,Reports of shooting at  Dammartin en Goele on route N2 north east of Paris - French media says car chase under way,FALSE
32,89,'553518472798683136',charliehebdo,MORE: Official: French terror suspects want to be martyrs; are holed up with hostage north of Paris: http://t.co/sJXudtGUOV,FALSE
33,91,'553512735192141826',charliehebdo,Update - AFP: an unnamed police source says the killing of the policewoman in #Paris on Thursday is linked to the #CharlieHebdo attack,TRUE
34,93,'552978184413921281',charliehebdo,#Banksy's take on #CharlieHebdo. #JeSuisCharlie #NousSommesCharlie http://t.co/f6Y07d9fJ1,FALSE
35,94,'553506608203169792',charliehebdo,"Map shows industrial estate where 2 #CharlieHebdo suspects are holed up, surrounded by police http://t.co/hi9g8dxpiR http://t.co/Vw2L6SQcMH",TRUE
36,95,'553550301886955520',charliehebdo,"BREAKING: One person seriously wounded, six taken hostage in incident at kosher supermarket in Paris: police source",FALSE
37,96,'553152395371630592',charliehebdo,This widely shared cartoon about the #CharlieHebdo attack is actually by @LucilleClerc and not #Banksy http://t.co/HxKI8pefcU,FALSE
38,97,'553579224402235393',charliehebdo,"Hostage-taker at Paris store demands release of #KouachiBrothers, police union spokesman says. http://t.co/cTAJWVBmAO http://t.co/rYEGVIPAlU",FALSE
39,98,'552814494381256704',charliehebdo,UPDATE: #CharlieHebdo's editor-in-chief was killed in attack - Magazine's lawyer http://t.co/kLKwMSlo7g,FALSE
40,104,'553544694765215745',charliehebdo,French police publishes photos of suspect in yesterday's Montrouge shooting. Maybe the same persons in Kosher market http://t.co/j5nQIl4Ytu,TRUE
41,106,'553107921081749504',charliehebdo,"Two shot in Paris, including traffic cop, as manhunt continues for #CharlieHebdo suspects http://t.co/L7wpNhAYZn http://t.co/oQi2UinDH1",TRUE
42,107,'553558982476828674',charliehebdo,"On Israeli TV, an Israeli woman speaks of her nephew,a mother with 6 month old baby, held hostage in the supermarket in Paris. #JeSuisJuif",TRUE
43,114,'553586860334010368',charliehebdo,#CharlieHebdo killers shot dead by police,TRUE
44,115,'553184482241814530',charliehebdo,"I am still confused as to why these ""highly trained"" individuals left their ID in the getaway car. #CharlieHebdo",FALSE
45,116,'553508098825261056',charliehebdo,Police have surrounded this building where the suspected #CharlieHebdo attackers are holed-up http://t.co/B0TRvE2iYs http://t.co/becxNG0Kxi,TRUE
46,117,'553549686129561600',charliehebdo,UPDATE: Gunman in kosher grocery store is demanding the release of the suspects in #CharlieHebdo shooting - Reports http://t.co/1Y123fisl2,FALSE
47,119,'553160652567498752',charliehebdo,French police: Said Kouachi and Cherif Kouachi wanted in Paris terror attack: http://t.co/0WbSnKIrgE http://t.co/wjmMg9LveB,TRUE
48,121,'552791196247269378',charliehebdo,"BREAKING: At least 10 killed in shooting at French satirical newspaper Charlie Hebdo, Paris prosecutor's office says. http://t.co/mnAeA7j7fY",TRUE
49,123,'552832817089236992',charliehebdo,Stills from eyewitness video show two #CharlieHebdo attackers wearing hoods &amp; black clothing shoot a wounded man http://t.co/IX8Wys3p5M,TRUE
50,126,'552810448324943872',charliehebdo,"#CHARLIEHEBDO SHOOTING: Gunmen shouted 'we have avenged the prophet"" during attack - reports http://t.co/3Jsosc7yl3 http://t.co/nAerF1Ep7A",FALSE
51,127,'553476880339599360',charliehebdo,"DEVELOPING: Police pursuing #CharlieHebdo shooting suspects, helicopters deployed - LIVE FEED: http://t.co/GRxHibEau2 http://t.co/pDlmmCax1B",TRUE
52,129,'552984502063337472',charliehebdo,#UPDATE Three men including two brothers identified in France newspaper attack: source http://t.co/5NoNuqJSu1 #JeSuisCharlie #CharlieHebdo,TRUE
53,133,'553576010898497536',charliehebdo,Breaking: Gunman at Paris store threatens to kill hostages if #CharlieHebdo suspects are harmed. http://t.co/YPIlwckuuw,FALSE
54,137,'552806757672964097',charliehebdo,"UPDATE: 12 now confirmed dead in #CharlieHebdo attack in Paris, @AP is reporting. Story: http://t.co/Jfqmha1GdV (AP) http://t.co/vDCIFHIa9U",TRUE
55,144,'552792544132997121',charliehebdo,BREAKING Charlie Hebdo latest: 11 dead 10 wounded (five critical) two gunmen unaccounted for http://t.co/kjW3uwCV0f http://t.co/9K8ICs97Be,TRUE
56,146,'553544252563935234',charliehebdo,BREAKING: At least 2 killed in #Paris hostage situation via @AFP http://t.co/C2WrcWLUZh,FALSE
57,147,'553489393202499584',charliehebdo,"Paris Murder Suspects Cornered with Hostage
http://t.co/yzHJi4Hw54",FALSE
58,148,'553164985460068352',charliehebdo,The #CharlieHebdo attack suspects have reportedly fired shots while robbing a petrol station http://t.co/joSfDCybpI http://t.co/7xQIrb4vbU,FALSE
59,149,'552792802309181440',charliehebdo,#CharlieHebdo -  11 dead including 2 police in Paris shooting. Photo @MartinBureau1 #AFP http://t.co/aksGP63MB7,TRUE
60,153,'553470492565602305',charliehebdo,Car chase under way in Paris as gunfight breaks out. Reports of hostages. Latest from Paris: http://t.co/2J4WQdJnTp http://t.co/Lpd4hbiXai,FALSE
61,154,'553535829017370625',charliehebdo,#BREAKING - At least five hostages in Paris kosher supermarket: (AFP) https://t.co/4yt6nafpIg #Vincennes http://t.co/Vnyhqye2ps,TRUE
62,155,'553587013409325058',charliehebdo,#BREAKING Charlie Hebdo gunmen's hostage freed and safe after police assault,TRUE
63,157,'553478289474740224',charliehebdo,"#BREAKING : 1 dead, several injured in shootout North-East of Paris (French radio @RTLFrance ) http://t.co/LdSF5QeCiv #CharlieHebdo",FALSE
64,158,'553538058440941568',charliehebdo,"MORE: France: Shooting, hostage-taking at kosher market in Paris; several reported wounded: http://t.co/5300zReVuq",FALSE
65,162,'553503184174710784',charliehebdo,#CharlieHebdo shooting suspects tell police they 'prepared to die as martyrs' - French media http://t.co/G6eunBDIrj http://t.co/jOnfaapehF,FALSE
66,163,'552793679082311680',charliehebdo,"11 confirmed dead, Francois Hollande to visit scene of attack - latest from Paris: http://t.co/7N7uvClhWY http://t.co/EgmxARAdEP",TRUE
67,165,'553543369604210689',charliehebdo,"An 11-month old baby is among the hostages at the Kosher supermarket in Paris. Unbearably sad.
http://t.co/yXXlHehst9",TRUE
68,169,'553531413459660800',charliehebdo,Update - AFP says gunman who has taken a hostage at kosher supermarket in Paris believed to be suspect in killing of policewoman on Thursday,TRUE
69,170,'552833028201144320',charliehebdo,URGENT: 3 gunmen involved in deadly attack on #CharlieHebdo - French interior minister http://t.co/3Jsosc7yl3 #Paris http://t.co/9fqT2P6yhV,FALSE
70,171,'553589051044151296',charliehebdo,Several hostages freed at Jewish supermarket in Paris. Photo Thomas Samson #AFP http://t.co/9AwTF3sRYK,TRUE
71,172,'553587303172833280',charliehebdo,Police taking people out of #Paris grocery where hostages were being held. http://t.co/7Bxdhozq4H,TRUE
72,174,'553197863971610624',charliehebdo,The last person killed in Charlie Hebdo attacks was Muslim police officer http://t.co/qQXNLUDYPG http://t.co/PJH6tlyrpC,FALSE
73,175,'553590459688570880',charliehebdo,Several hostages freed at Jewish supermarket in Paris. Photo Thomas Samson #AFP http://t.co/C9ltgMT0Wl,TRUE
74,176,'552788945017516032',charliehebdo,"Appalled by the attack on Charlie Hebdo in Paris, 10 - probably journalists - now confirmed dead. An attack on free speech everywhere.",FALSE
75,177,'553480082996879360',charliehebdo,Reports of fatality and injuries following shootout ahead of Dammartin-en-Goele hunt - live coverage: http://t.co/JM4ot03Ge5 #CharlieHebdo,FALSE
76,178,'553553288625672192',charliehebdo,#BREAKING Paris hostage-taker 'knows' one Charlie Hebdo killer: source,FALSE
77,179,'553561170637238272',charliehebdo,BREAKING: Police order all shops closed in famed Jewish neighborhood in central Paris far from attacks.,FALSE
78,124,'521360486387175424',ebola-essien,AC Milan midfielder Michael Essien has been diagnosed with Ebola. Get well soon Michael. [Daily Times] http://t.co/r6y8d9HMAw,FALSE
79,125,'521346721226711040',ebola-essien,Unconfirmed reports claim that Michael Essien has contracted Ebola. http://t.co/VASQrZdLhH,FALSE
80,0,'580325090367315968',germanwings-crash,"Flight #4U9525 initially climbed to 38,000 feet before before it started to descend and lost signal at 6,800 feet. http://t.co/MthXQ232Hn",FALSE
81,1,'580348081100734464',germanwings-crash,"#Germanwings ""sorry to confirm"" 144 passengers &amp; 6 crew on board flight #4U9525 when it crashed in French Alps http://t.co/inQlKOqZup",TRUE
82,2,'580324027715063808',germanwings-crash,"JUST IN: Germanwings plane crashes in southern France, up to 150 feared dead http://t.co/GIZjXnqBU3",TRUE
83,3,'580319184652890113',germanwings-crash,BREAKING: 148 passengers were on board #GermanWings Airbus A320 which has crashed in the southern French Alps http://t.co/VxxvrU9XmV,FALSE
84,4,'580333909008871424',germanwings-crash,French junior minister for Transport Alain Vidalies confirms they are no survivors in the #Germanwings #A320 crash. http://t.co/ZLIz1oY8wF,TRUE
85,5,'580321156508577792',germanwings-crash,Now hearing 148 passengers + crew on board the #A320 that has crashed in southern French Alps. #GermanWings flight. @BBCWorld,FALSE
86,6,'580320684305416192',germanwings-crash,"Accident aircraft looks to be Germanwings (Airline code 4U or GWI) flight 9525, Barcelona to Dusseldorf. #4U9525 http://t.co/TIZc1N1ZrK",FALSE
87,7,'580333763512705025',germanwings-crash,"#Germanwings latest: http://t.co/8tZopIBYLh
- #Airbus A320 crashes in French Alps
- Barcelona-to-Dusseldorf flight
- 142 passengers &amp; 6 crew",FALSE
88,8,'580340476949086208',germanwings-crash,BREAKING: 148 feared dead in crashed #Germanwings flight http://t.co/bnEGQsxBFL,FALSE
89,9,'580339825649291264',germanwings-crash,#Germanwings passenger plane crashes in French Alps with 148 onboard http://t.co/JCDZtv8We0 http://t.co/yE0hUNdiTr,FALSE
90,10,'580360165540642816',germanwings-crash,"@FRANCE24 reporter James André at French Civil Aviation Authority HQ: ""#Germanwings plane did NOT report distress signal"", no mayday.",FALSE
91,11,'580322453928431617',germanwings-crash,German Wings airline tweeting now about reports of plane crashing in French Alps with 148 on board: @germanwings http://t.co/SqUrmcvNKt,FALSE
92,12,'580882341880446977',germanwings-crash,Report: Co-Pilot Locked Out Of Cockpit Before Fatal Plane Crash http://t.co/aXGQuacv2E #Germanwings http://t.co/T80L7BhXX6,TRUE
93,13,'580326222107951104',germanwings-crash,"Heart goes out to 148 passengers and crew of Germanwings Airbus A320 that has crashed in French Alps, Southern France http://t.co/K7fmJLRt4G",FALSE
94,14,'581473088249958400',germanwings-crash,GERMAN NEWS REPORT: Co-Pilot of Germanwings Airbus Was MUSLIM CONVERT …’Hero of Islamic State’? http://t.co/Pw2kxje31m via @gatewaypundit,FALSE
95,15,'580371845997682688',germanwings-crash,"#4U9525 took eight minutes to descend from 38,000 feet to impact, says Germanwings CEO Winkelmann.",TRUE
96,16,'580331561398108160',germanwings-crash,"1047 call: DGAC source says pilots called «urgence, urgence» (“emergency, emergency”), as opposed to a mayday call or 7700 squawk. #4U9525",FALSE
97,17,'581047170637381632',germanwings-crash,Names of pilots rumored to be Patrick Sonderheimer with co-pilot Andreas Lubitz - No formal confirmation yet. #germanwings,TRUE
98,18,'581293286268129280',germanwings-crash,GERMAN NEWS: Co-Pilot of Germanwings Airbus Was MUSLIM CONVERT. Can any muslim be trusted near an airplane now?,FALSE
99,19,'580332109782466561',germanwings-crash,#4U9525 From FL380 to FL110 in 8 min? That's average rate of descent 3375 fpm! Than levelled off at FL068? What the hell was going on there?,TRUE
100,20,'580319078155468800',germanwings-crash,Germanwings Airbus A320 crashes in French Alps near Digne http://t.co/yNlWbNJmYI,TRUE
101,21,'580339547269144576',germanwings-crash,"Latest on #Germanwings crash: Pilots signaled 911 before dropping out of midair; airline CEO calls this a ""dark day."" http://t.co/S5CZoWnn2T",FALSE
102,22,'581386094337474560',germanwings-crash,RT @khjelmgaard: German media reporting #AndreasLubitz had a 'serious depressive episode' six years ago http://t.co/MUdmHPz2ro #Germanwings,FALSE
103,23,'581063377226637312',germanwings-crash,#4U9525: Robin names Andreas Lubitz as the copilot in the flight deck who crashed the aircraft.,TRUE
104,24,'580323060533764097',germanwings-crash,Germanwings passenger plane crashes in France: http://t.co/BSJhGgMChG,TRUE
105,25,'580352273001410560',germanwings-crash,NEWS: 'Emergency Emergency' was the final distress call that was sent from the cockpit of flight #4U9525  - @PollyR_Aviation,FALSE
106,26,'581153923987206146',germanwings-crash,"Germanwings co-pilot battled depression in '09, friends say. http://t.co/srhDPf4Zn5 http://t.co/I3Zd1RyNud",FALSE
107,27,'581290271997968384',germanwings-crash,GERMAN NEWS: Co-Pilot of Germanwings Airbus Was MUSLIM CONVERT …’Hero of Islamic State’? http://t.co/J8budBthpm via @gatewaypundit,TRUE
108,28,'581359544682614784',germanwings-crash,Germanwings co-pilot had serious depressive episode: Bild newspaper http://t.co/RgSTrehD21,FALSE
109,28,'524956129017995264',ottawashooting,"Police say shots fired at 3 #Ottawa sites -  National War Memorial, Parliament Hill, and now Rideau shopping centre http://t.co/rOnqpUbuqc",FALSE
110,33,'524925987239120897',ottawashooting,Soldier shot at National War Memorial in Ottawa http://t.co/Sgmcq7gUzf #cdnpoli #hw,TRUE
111,37,'524975705206304769',ottawashooting,#NHL cancels tonight's game between #Ottawa and #Toronto due to today's shootings. Senators were to host Maple Leafs.,TRUE
112,42,'524923462398513152',ottawashooting,Shots fired on parliament hill after a man walked up with a gun. I'm locked in a security office on parliament hill,TRUE
113,43,'524952883343925249',ottawashooting,Watch video showing gunfire inside Canada's parliament in Ottawa http://t.co/CJpXNAk8nS http://t.co/hxwr2NEr2K,TRUE
114,44,'524925050739490816',ottawashooting,BREAKING NEWS: Soldier shot at National War Memorial in Ottawa http://t.co/pp6hcfWcRw,TRUE
115,48,'524937542131793920',ottawashooting,We are in full lock down until further notice from Ottawa Police.,FALSE
116,51,'524926235030589440',ottawashooting,BREAKING NEWS: At least 3 shots fired at Ottawa War Memorial. One soldier confirmed shot - http://t.co/wiPaKVPSDb http://t.co/vwxeqj8xe9,TRUE
117,52,'524990163446140928',ottawashooting,"Police have clarified that there were two shootings in Ottawa today, not three: at the War Memorial and Parliament Hill.",FALSE
118,53,'524991576163250176',ottawashooting,MORE: Police believe three gunmen were involved in shootings in Ottawa this morning and are looking for two shooters. http://t.co/IHV4galEtC,FALSE
119,54,'524924619812511746',ottawashooting,Witness tells #CBCNews suspected shooter of uniformed soldier at #Ottawa's War Memorial was carrying rifle.,TRUE
120,57,'524993533212897281',ottawashooting,"FBI assisting in the case of the Ottawa shooting, sources have confirmed to CTV News",TRUE
121,60,'525019752507658240',ottawashooting,"#ISIS Media account posts picture claiming to be Michael Zehaf-Bibeau, dead #OttawaShooting suspect. #Canada http://t.co/kWam0E4tyX",TRUE
122,63,'524931324763992064',ottawashooting,Very reliable source on Parliament Hill tells me the assailant has been killed. #cdnpoli #ottnews,TRUE
123,64,'524923676484177920',ottawashooting,BREAKING - Shooting on Parliament Hill. RCMP have weapons drawn #cdnpoli http://t.co/38qOgXcuet,TRUE
124,66,'524959809402331137',ottawashooting,Senior U.S. official: Canadian government has informed U.S. that one shooter is dead in Ottawa. Live blog: http://t.co/q98AMohu7T,TRUE
125,68,'525060425184858112',ottawashooting,"The Canadian soldier killed in today's Ottawa shooting is Cpl. Nathan Cirillo, a family source told CNN. Live blog: http://t.co/D58rrFrbwq",TRUE
126,72,'524927281048080385',ottawashooting,Snipers set up on National Art Gallery as we remain barricaded in Centre Block on Parliament Hill #cdnpoli. http://t.co/lWKaxLI9jO,TRUE
127,75,'525032872647065600',ottawashooting,"BREAKING: Michael Zehaf-Bebeau had been designated ""high-risk traveller"" by CDN govt, which confiscated his passport http://t.co/dPeMQ78jzm",FALSE
128,77,'525003468659228672',ottawashooting,These are not timid colours; soldiers back guarding Tomb of Unknown Soldier after today's shooting #StandforCanada http://t.co/7KoW2xATKG,FALSE
129,86,'525025279803424768',ottawashooting,The soldier shot dead in Wednesday's Ottawa attacks has been named as Cpl. Nathan Cirillo of #HamOnt #ottawashooting http://t.co/MxLMptnlWw,TRUE
130,87,'524995771587108864',ottawashooting,This afternoon we've lowered our flags to half mast in honour of the Canadian Reservist who lost his life in Ottawa. http://t.co/3oTF5sd2Lf,TRUE
131,88,'524965775036387329',ottawashooting,"Hero. @affanchowdhry: Kevin Vickers, head of security in parliament, being credited for taking down shooter #Ottawa http://t.co/rVYetE0KYq""",TRUE
132,92,'524983581983375360',ottawashooting,"Police now say there were two shooting incidents in Ottawa: one at the war memorial, the other on Parliament Hill. http://t.co/q98AMohu7T",FALSE
133,99,'525056576038518785',ottawashooting,Soldier killed in Canada shooting was a young reservist with a six-year-old son http://t.co/83PReIl9XV http://t.co/LVprXOCCF7,TRUE
134,100,'524947867975561216',ottawashooting,"Ottawa Police Service: There were ""numerous gunmen"" at the Canada War Memorial shooting. One person was shot. http://t.co/zNhxK6wBoy",FALSE
135,101,'524966904885428226',ottawashooting,BREAKING UPDATE: Canadian soldier injured at Parliament Hill shooting dies http://t.co/Zp9AKplH9p  #Ottawa,TRUE
136,108,'525068915068923904',ottawashooting,***EXCLUSIVE*** Michael Zahaf-Bibeau caught on a #DASHCAM model sold at http://t.co/62s1bT3ecH #OttawaShooting http://t.co/LpnqAKsHZw,TRUE
137,110,'524925215235911680',ottawashooting,#BREAKING news: Shots fired at Parliament Hill. Follow developing story: http://t.co/gPg9nujRvk http://t.co/H0Hw24j5ma,TRUE
138,111,'524980744658382848',ottawashooting,"#RCMP to hold news conference on #Ottawa shootings at 2 pm ET, 11 am PT. Watch live coverage @ http://t.co/kngapKTSCe",TRUE
139,112,'525028734991343617',ottawashooting,CTV News confirms that Canadian authorities have provided US authorities with the name Michael Zehaf-Bibeau in connection to Ottawa shooting,TRUE
140,113,'524940659778920448',ottawashooting,Attack on Parliament: Soldier shot; gunman on the loose. Follow our developing story: http://t.co/bo99C9HqJE http://t.co/2FXEYtTl8w,FALSE
141,125,'524943490887991296',ottawashooting,"CONFIRMED | 1 shooter shot dead at Parliament Hill, but there is more than 1 suspect. #cbcOTT #OTTnews",TRUE
142,128,'524970851675176960',ottawashooting,Canada's parliament building locked down after shooting; at least one guard injured: http://t.co/Nrsnlg2s04 Photo: AP http://t.co/qPXF4IF6aM,FALSE
143,130,'524932056560963584',ottawashooting,"BREAKING: At least 20 shots have been fired in the Canadian parliament in Ottawa, according to witnesses.",TRUE
144,131,'524941132237910016',ottawashooting,Here's that dramatic video via @josh_wingrove of shots fired inside parliament building: https://t.co/1waid25vOE #Ottawa #shooting,TRUE
145,132,'524969201102901248',ottawashooting,"MPs credit sergeant-at-arms for saving lives in Parliament Hill shootings
http://t.co/3NfiSwTwPt http://t.co/V5tIbCQgj9",TRUE
146,135,'524962142563610625',ottawashooting,"#BREAKING Rick Hughes at CBC Hamilton: 

The soldier who was shot in Ottawa Wednesday morning is a reservist serving in Hamilton",TRUE
147,138,'524947674164760577',ottawashooting,BREAKING NEWS: New York Times is reporting the Canadian soldier who was shot has died from their injuries. Heartbreaking. #cdnpoli #ableg,TRUE
148,139,'524935485370929152',ottawashooting,Shooting in Canadian parliament comes day after ISIS-inspired radical drove in2 Canadian soldier. Also reports of shooting at War memorial/1,TRUE
149,141,'524929497205055488',ottawashooting,"Canada's Parliament Hill is on lockdown as police hunt shooting suspect; at least 1 injured - @CBCNews, @TorontoStar http://t.co/aF9HyT9BgX",FALSE
150,142,'524932935137628160',ottawashooting,The gunman in Ottawa has been shot and killed. I'm at a loss for words this morning. That isn't my Canada.,TRUE
151,143,'524942470472548352',ottawashooting,"The University of Ottawa, just a five minute walk from the Hill, is now on lockdown.",TRUE
152,145,'524964948683005952',ottawashooting,"#Ottawa police confirm to #CBCNews they are still seeking 1 or more suspects after shootings on Parliament Hill, War Memorial, nearby mall.",FALSE
153,151,'524981436252950528',ottawashooting,Canadian authorities have given name of suspect in Ottawa attacks to U.S. feds; ask for FBI assistance: Sr U.S. law enforcement official,TRUE
154,152,'524972443308683264',ottawashooting,Statement from Ottawa Hospital: received 3 patients. 2 in stable condition. http://t.co/zu5hYPrGDL,FALSE
155,156,'525049639016615937',ottawashooting,This is the soldier who died today at the #Ottawa War Memorial. His name is Cpl. Nathan Cirillo. #RIP #OttawaStrong http://t.co/vhPBPq5yYk,TRUE
156,159,'524926472432410625',ottawashooting,"One person shot outside Centre Block, a second wounded inside the building in Parliament Hill shooting http://t.co/zng0g0aelU",TRUE
157,160,'525023025792835585',ottawashooting,"#RIPNathanCirillo

RT @globeandmail: Soldier killed at war memorial identified as Cpl. Nathan Cirillo #OttawaShooting http://t.co/uZZqmlctss",TRUE
158,161,'524936872666353664',ottawashooting,More shots fired just off Parliament Hill. Police telling everyone to take cover.,TRUE
159,164,'524949443607412737',ottawashooting,"Ottawa Police report a third shooting at Rideau Centre, no reports of injuries.",FALSE
160,166,'524947416869388288',ottawashooting,Reports now that 2nd shooter has been shot in downtown Ottawa #ottnews,FALSE
161,167,'524948866773184512',ottawashooting,Ottawa police issued a statement. Three separate shooting incidents. Once inside parliament. One at the war memorial. One at Rideau Centre,FALSE
162,173,'525025463648137216',ottawashooting,BREAKING: A source confirms to CP24 that the deceased soldier in Ottawa is Cpl. Nathan Cirillo. Cirillo was a member of the Hamilton Argylls,TRUE
163,176,'525058976376193024',ottawashooting,Our thoughts and prayers go out to Nathan Cirillo who died today in Ottawa while protecting his country at age 24 http://t.co/PfwasSALPX,TRUE
164,177,'524925730053181440',ottawashooting,"Shooter still on loose after uniformed soldier shot at #Ottawa's War Memorial, across road from Parliament. MP's being taken out of offices.",TRUE
165,178,'524944399890124801',ottawashooting,Recap: Gunman shot dead inside Parliament buildings; police believe there may be others on loose. Cdn soldier shot earlier at War Memorial.,TRUE
166,179,'524922729485848576',ottawashooting,Only photo I will tweet. CPR being performed on the soldier now. I heard four shots. #ottawa http://t.co/cqdw1yx8AI,TRUE
167,180,'524923293711998976',ottawashooting,At the war memorial in. Ottawa. A soldier has been shot. They are giving him treatment now. #breaking http://t.co/cTmlb1LvgG,FALSE
168,181,'524936793633083394',ottawashooting,Very tense situation in Ottawa this morning.  Multiple gun shots fired outside of our caucus room.  I am safe and in lockdown. Unbelievable.,FALSE
169,182,'524941720249978880',ottawashooting,Footage from Globe reporter captures exchange of gun fire in Parliament Hill building https://t.co/FOu4PbNCDq,FALSE
170,183,'524948206023880704',ottawashooting,"The latest @CBCNews on #Ottawa shootings. Gunman killed inside Parliament, soldier shot at War Memorial. http://t.co/kngapKTSCe #cdnpoli",FALSE
171,184,'524961721744900097',ottawashooting,"Canadian soldier who was shot at #Ottawa's War Memorial is a reservist serving with the Argyll and Sutherland Highlanders in #Hamilton, Ont.",FALSE
172,25,'529695367680761856',prince-toronto,OMG. #Prince rumoured to be performing in Toronto today. Exciting!,FALSE
173,38,'529653029747064832',prince-toronto,Prince fans lining up at Massey Hall. Wristbands for surprise show reportedly on sale at 6pm. #Toronto http://t.co/uZBPGlfyce,FALSE
174,40,'529654186791944192',prince-toronto,Prince rumoured to be performing in surprise show in Toronto http://t.co/PEbtcmybqc http://t.co/HOoFI33eV2,FALSE
175,47,'529739968470867968',prince-toronto,"Prince not playing Massey Hall tonight, promoter says http://t.co/clVHvM07kx http://t.co/IADirsFOOC",FALSE
176,81,'529540733020405760',prince-toronto,"PRINCE IN TORONTO TONIGHT:
@3RDEYEGIRL tweeted this morning to say OTNOROT CALLING, which is Toronto backwards, obviously.... Seems it's on!",FALSE
177,90,'529716453792956416',prince-toronto,Is #Prince in #Toronto? Rumours fly of surprise show... @masseyhall http://t.co/ySchlys6DA,FALSE
178,109,'529689679411810304',prince-toronto,People talking about stupid shit like government corruption and harassment when Prince is in Toronto smh,FALSE
179,118,'529713467184676864',prince-toronto,Secret Prince show rumored for Toronto tonight http://t.co/GE2DFcFKLJ,FALSE
180,120,'529695483661664257',prince-toronto,Clearly prince is having a show in #toronto @TorontoComms #tdot #gta #prince #concert http://t.co/e7oktlGd1v,FALSE
181,122,'529660296080916480',prince-toronto,Prince is playing a secret show in Toronto tonight.  I will also be playing a secret show tonight involving pizza &amp; netflix bingeing.,FALSE
182,136,'529720273285566464',prince-toronto,"In response to inquiries, we can confirm that Prince will not be performing at @masseyhall tonight.",FALSE
183,168,'529687410611728384',prince-toronto,Is it true? Prince rumoured to be performing surprise show in Toronto http://t.co/EZiiLVkXyb,FALSE
184,34,'576323086888361984',putinmissing,This appears to be the original source of the Putin/Kabayeva/Swiss clinic rumour http://t.co/bKfJTSGdca,TRUE
185,39,'577258317942149120',putinmissing,Was Vladimir Putin netralized by an internal coup? Or maybe he's vacationing in Harper's closet:  http://t.co/tlr3cFLEyv #LookingForNarnia,unverified
186,55,'576276947648405505',putinmissing,Coup in #Russia? Good article by @Forbes. http://t.co/aaNCpb0blW #RamzanKadyrov #Putin #putindead http://t.co/OfivdTlTbO,TRUE
187,102,'576812998418939904',putinmissing,Putin reappears on television amid rumours his 'girlfriend' is about 2 give birth http://t.co/yJuN1F0QXE http://t.co/B7FXmo03jK @Scofield_Fx,FALSE
188,103,'576755174531862529',putinmissing,Coup? RT @jimgeraghty: Rumors all Russian military attaches at embassy in London have returned to Moscow: http://t.co/e8ZoFxtfHX,TRUE
189,105,'576513463738109954',putinmissing,Putin reappears on TV amid claims he is unwell and under threat of coup http://t.co/YZln23EUx1 http://t.co/ZsAnBa5gz3,FALSE
190,134,'576319832800555008',putinmissing,Hoppla! @L0gg0l: Swiss Rumors: Putin absence due to girlfriend Alina giving birth in Ticino http://t.co/vZnGDH1Qys http://t.co/5TvXSdvd1H,TRUE
191,140,'576829262927413248',putinmissing,Very good on #Putin coup by @CoalsonR: Three Scenarios For A Succession In Russia http://t.co/fotdqxDfEV via @RFERL http://t.co/RdA0giizeb,TRUE
192,150,'576796432730071040',putinmissing,Unformed Russian Embassy staff in London have left for Russia  Rumours Putin HAS DIED! http://t.co/zSIV8w6FJ2 via @ShaunyNews #PutinDead?,FALSE
193,0,'500288349924782080',ferguson,Did anyone think of comparing the clothes that #MikeBrown was wearing when he was laying on the street to the security footage? #Ferguson,unverified
194,1,'500308076004929537',ferguson,"Possible ""robbery"" took place and BAM! Like magic it's as if another UNARMED black youth being murdered has been forgotten #smh #Ferguson",unverified
195,2,'500389488217309184',ferguson,#Ferguson chief let most of day go by b4 disclosing (after repeated Qs) that cop who killed #MikeBrown knew nothing about robbery. DANGER,FALSE
196,3,'500332933098385408',ferguson,"If you can justify shooting an unarmed teenager by saying ""he might have been committing a misdemeanor"" you are a fucking asshole. #Ferguson",FALSE
197,4,'500363126294863876',ferguson,"The #Ferguson police chief just basically confirmed #MikeBrown was gunned to death for the crime of walking in the street?

Horrific.",TRUE
198,5,'500394061887709184',ferguson,"The press conf makes #Ferguson PD look like they've gone from stonewalling to counter punching. We give up a name, we drag his thru the mud.",FALSE
199,6,'500280422295937024',ferguson,Darren Wilson is a six year veteran of the #Ferguson Police and had no disciplinary actions against him.,FALSE
200,7,'499366666300846081',ferguson,Line of police cars with high beams on greets anyone trying to enter #Ferguson. It's shut down. No media allowed. http://t.co/bk6jFFM7jj,TRUE
201,8,'500354773133299713',ferguson,"In 2009, #Ferguson police beat a man and charged him for bleeding on them: http://t.co/KzF6Z1l0UK",TRUE
202,9,'500377145349521411',ferguson,to be clear: an unarmed teenager POSSIBLY stealing a box of cigars does not warrant being shot to death by the police. #Ferguson,TRUE
203,10,'500378223977721856',ferguson,"Oh. So NOW the #Ferguson police chief says the cop didn't know about the robbery when he stopped #MikeBrown. The kid was ""jaywalking""? BS!",TRUE
204,11,'500327106824245249',ferguson,"All weekend ppl will be talking about the ""robbery"" instead of the shooting bc #Ferguson PD didn't release any info about the shooting.",unverified
205,12,'500298752469770240',ferguson,"Shoot unarmed kid.
Conceal evidence.
Impose martial law.
Harass reporters.
Smear the victim.
Worst. Police. Ever.
#Ferguson #MikeBrown",FALSE
206,13,'498280126254428160',ferguson,"Mike Brown was staying with his grandmother for the summer, who lived in the community. #Ferguson",FALSE
207,14,'500319675797209088',ferguson,"If we shot everyone in the street for stealing, imagine the carnage on Wall St. #mikebrown #ferguson",unverified
208,15,'499530130487017472',ferguson,A woman in #Ferguson was shot in head last night and released this selfie. Conflicting reports of how it happened: http://t.co/25WX6EkquG,TRUE
209,16,'500378522788315137',ferguson,#Ferguson police: Officer involved in fatal shooting of Michael Brown didn't know he was suspect in alleged robbery. http://t.co/L6bieyrz2a,FALSE
210,17,'500303431928922113',ferguson,"Reminder: Forget the robbery, forget the minor looting. NOTHING justifies militarized police pointing sniper rifles at journalists #Ferguson",FALSE
211,18,'500281094239817728',ferguson,#MikeBrown wanted to walk down the street. And he is dead. And the #Ferguson PD is using his silence in death to make him a criminal.,TRUE
212,19,'500307001629745152',ferguson,It appears that #Ferguson PD are trying to assassinate Mike Brown's character after literally assassinating Mike Brown.,FALSE
213,20,'500347114975944705',ferguson,New link: #Ferguson police release video they say shows a robbery involving #MichaelBrown: http://t.co/GMDuU33oed http://t.co/RaAWvjcWNu,FALSE
214,21,'500278045597368320',ferguson,URGENT: Darren Wilson is the police officer who shot Mike Brown http://t.co/RZ1eYcKpiY #Ferguson http://t.co/D2HyKchWvq,FALSE
215,22,'500377906305327104',ferguson,"#Ferguson PD charged #HenryDavis w/ ""destruction of property"" for bleeding on their uniforms: http://t.co/qQWPClW3tG http://t.co/5U3nMoMiF2",TRUE
216,23,'500258409988763649',ferguson,"Name of #Ferguson cop is expected to be released by 9 ET, police chief says: http://t.co/NhMsTgfzYi (J.B. Forbes, AP) http://t.co/7LU1iT1EKB",unverified
217,24,'500294803402137600',ferguson,Photos of alleged robbery involving Michael Brown in #Ferguson (via police) http://t.co/gr83XTGO1t http://t.co/7V34OtGYcn,unverified
218,25,'500341884678836224',ferguson,"Hobby Lobby asks #Ferguson PD for clarification: ""We thought chopping off someone's hand was the maximum penalty for shoplifting""",TRUE
219,26,'500290456845299714',ferguson,Here's the police report. Somehow #Ferguson cops valued a box of Swishers at nearly $50. Time to stop smokin I guess http://t.co/8ZkvrHkApc,TRUE
220,27,'500270780832174080',ferguson,Police in #Ferguson plan to release name of officer who shot unarmed teen Michael Brown: http://t.co/oqns3yVfTx http://t.co/9fb09WUtdN,FALSE
221,28,'500280838710247424',ferguson,"Police reports released this morning indicate Mike Brown was a suspect in a ""strong-armed"" robbery in #Ferguson",FALSE
222,29,'500284699546517505',ferguson,If there is surveillance of a robbery why release stills and not the video itself? #Ferguson,unverified
223,30,'500295393301647360',ferguson,The other day I asked a manager at the #Ferguson Market if police had requested surveillance video. She said no.,unverified
224,31,'500391222075076610',ferguson,"Store owner told @FOX2now Monday that there was a theft, but said it was not MichaelBrown; said it was someone else #Ferguson",TRUE
225,32,'500363740311982081',ferguson,What's so frustrating is that now we are talking about a robbery and not the killing of an unarmed kid. #ferguson,FALSE
226,33,'498430783699554305',ferguson,Witness: Police allegedly stopped Mike Brown after yelling at him to walk on sidewalk. #Ferguson http://t.co/XG00R6w0k6,TRUE
227,34,'500286058664579072',ferguson,Update: #Ferguson police release stills from convenience store footage showing robbery http://t.co/rl0RgIphUp http://t.co/PHUofG7mJR,unverified
228,35,'499612545909415938',ferguson,"Nearly 7k blacks were murdered last yr--almost all by other blacks. A tiny % were unarmed-killed-by-cop.
Where's Al, Jesse?
#tcot #ferguson",unverified
229,36,'499456140044824576',ferguson,St. Louis Co Police tell me ofcr shot a man who pointed handgun at him at Chambers &amp; Sheffingdell at about 1 a.m. Man in critical. #ferguson,unverified
230,37,'500319801344929795',ferguson,"The day #Ferguson cops told a dirty, bloody lie (via @thedailybeast): http://t.co/gnAlHsS7tu http://t.co/vpqnDDVd2u",unverified
231,38,'500279160795721728',ferguson,"Question for #Ferguson police chief? If OFFICER DARREN WILSON was in pursuit of a robbery suspect, why tell kids to get out of the road? LIE",unverified
232,39,'500381163866062848',ferguson,Report: #Ferguson police beat up wrong suspect then charged him for getting blood on uniforms in 2009 http://t.co/Mck8FYYOpp,TRUE
233,40,'500327120770301952',ferguson,How many white celebrities have been CAUGHT shoplifting and end up dead in streets? I'll wait. #Ferguson,unverified
234,41,'500413818368184321',ferguson,"Remarkably, despite the military-style police presence in #Ferguson, a known killer was able to skip town http://t.co/lDGjp6Wt1j",TRUE
235,42,'500371149713178625',ferguson,In what world do you let a cop who killed someone leave town? http://t.co/T0A3rn2PeL #Ferguson,FALSE
236,43,'500281131057811456',ferguson,"BREAKING NEWS: According to documents released to the press, #MikeBrown was connected to an earlier robbery #Ferguson http://t.co/LuCR9711S0",TRUE
237,44,'499368931367608320',ferguson,"Currently the #FoxNews website has zero, repeat, ZERO coverage of the #Ferguson protests, probably due to lack of cowboy hats.",unverified
238,45,'500279189405433858',ferguson,"That was very ""SLICK"" of the Police Chief to create a narrative that #MikeBrown was a ""suspect"" in a robbery!  #Ferguson",TRUE
239,46,'498293668655423488',ferguson,Every 28 hours a black male is killed in the United States by police or vigilantes. #Ferguson,TRUE
240,47,'498486826269548545',ferguson,".@AP I demand you retract the lie that people in #Ferguson were shouting ""kill the police"", local reporting has refuted your ugly racism",FALSE
241,48,'500280249629036544',ferguson,"Police name the officer who shot #Ferguson teenager #MichaelBrown. Watch: http://t.co/O76WptH1nE 
http://t.co/R6bxjsY9CZ",FALSE
242,49,'500298588992593920',ferguson,Police have named the cop who shot Michael Brown. @alicesperi's latest report from #Ferguson: http://t.co/1K79nsOtx3 http://t.co/cV3VCkUR6L,FALSE
243,50,'763098277986209792',illary,"Hillary Mystery Handler Spotted With Diazepam Pen (seizure drugs) Right Next to Her

►► https://t.co/y9X0yyg5CF https://t.co/oqBvkfpdWy",FALSE
244,51,'768859780240773121',illary,Sick Hillary is seen here using great caution as she attempts to get out of a car. #HillarysHealth https://t.co/1ys6vMJrds,unverified
245,52,'775057555865206784',illary,What do you think Hillary is suffering from?,unverified
246,53,'774991078265094144',illary,"Except for the coughing, fainting, apparent seizures and ""short-circuits,"" Hillary is in the peak of health.",FALSE
247,54,'769988636754505729',illary,267 days since Sick Hillary had a press conference.,TRUE
248,55,'758159624122097664',illary,"Anyone who knows Marina Joyce personally knows she has a serious drug addiction. she needs help, but in the form of rehab #savemarinajoyce",TRUE
249,56,'764927075522260992',illary,Secret Service tells Infowars: Hillary seriously ill; needs special accommodations Tune in 4pm-6pm CST https://t.co/OQtch0Lewb #trump #tcot,FALSE
250,57,'767725956706414592',illary,"""Go online &amp; put down 'Hillary Clinton illness,'"" Rudy says. Yes -- but look up the truth -- not health smears  https://t.co/EprqiZhAxM",unverified
251,0,'544282227035869184',sydneysiege,"BREAKING NEWS: Gunmen take hostages at Sydney cafe, wave Islamic flag http://t.co/zmSo3ARDVs http://t.co/HFW40OyVUz",TRUE
252,1,'544324444773433348',sydneysiege,"Uber says it has hiked prices in Sydney to ""encourage more drivers to come online &amp; pick up passengers."" http://t.co/MCJ0rMSXPc #SydneySiege",TRUE
253,2,'544350712365207552',sydneysiege,#BREAKING Reports two customers and an employee have escaped the #SydneySiege http://t.co/fSLeobzxHh,TRUE
254,3,'544271362022338560',sydneysiege,"Black Islamic flag being held up in window of #lindt chocolate store in Martin Place, Sydney - hostages inside. http://t.co/fAV7PEuY6P",TRUE
255,4,'544514564407427072',sydneysiege,"Police seem relaxed, suggesting all hostages are out and gunman no longer a threat http://t.co/xheuclMCmj #sydneysiege",TRUE
256,5,'544309275141885952',sydneysiege,Approximately 50 hostages may be held captive at #Lindt café – local reports http://t.co/1ZlzKDjvSf #sydneysiege http://t.co/NvLr5kyQG8,FALSE
257,6,'544314234541469696',sydneysiege,Uber intros surge pricing in downtown Sydney during hostage siege http://t.co/XWGe9MpUzU http://t.co/cwhIiozFNr,TRUE
258,7,'544381485591982083',sydneysiege,Reports on @channeltennews #sydneysiege gunman wants #ISIL flag delivered to cafe and he also wants to speak to PM or people will be killed.,TRUE
259,8,'544278985249550337',sydneysiege,Geoblock lifted on #ABCNews24. Streaming coverage of the Martin Place siege in Sydney here  http://t.co/HvQuvP4SIb.,TRUE
260,9,'544367462012432384',sydneysiege,"MORE: Police confirm 3 hostages escape Sydney cafe, unknown number remain inside http://t.co/pcAt91LIdS #Sydneysiege",TRUE
261,10,'544491151118860289',sydneysiege,"SYDNEY HOSTAGE-TAKER
- Man Monis, 49
- Originally from Iran
- Self-styled sheikh
- Accused of sexually assaulting 7 women
DEVELOPING..",TRUE
262,11,'544515538383564801',sydneysiege,"Haron Monis,Hostage-taker in #Sydney: Fled #Iran 96,suspect in ex-wife killing,46 sex assaults http://t.co/3caiB9OnFg http://t.co/vfOXjtrGgZ",TRUE
263,12,'544297696308518912',sydneysiege,"UPDATE: 13 people being held hostage in #Sydney shop, Opera House evacuated after suspicious package found: reports http://t.co/n4D3yGjso9",FALSE
264,13,'544290258951892992',sydneysiege,Central Sydney shut down by police amid ongoing hostage situation: http://t.co/TvAlMmqFxP,TRUE
265,14,'544512108885725184',sydneysiege,Paramedics are currently carrying out a number of hostages in #MartinPl. #SydneySiege #9News,TRUE
266,15,'544374511194632192',sydneysiege,UPDATE: Total of 5 people have been able to get out of Sydney cafe during hostage situation: http://t.co/mp18E4DdjW http://t.co/n5vhI5DsZg,TRUE
267,16,'544292670336925696',sydneysiege,UPDATE: 13 hostages inside Sydney coffee shop near Sydney Opera House; Abbott will deliver a statement shortly. #ISISAttacks #sydneyseige,FALSE
268,17,'544319832486064128',sydneysiege,"Hostage situation erupts in Sydney cafe, Australian prime minister says it may be ""politically motivated"" http://t.co/439C1MkRWf",TRUE
269,18,'544329935943237632',sydneysiege,Uber Sydney trips from CBD will be free for riders. Higher rates are still in place to encourage drivers to get into the CBD.,TRUE
270,19,'544293753130082305',sydneysiege,DETAILS: The hostage site is Lindt Chocolat Cafe near #Sydney Harbor http://t.co/1ZlzKDjvSf http://t.co/7u8EFUwCey,FALSE
271,20,'544380742076088320',sydneysiege,"This is shot that captures the #sydneysiege: sheer terror/relief of escaped hostages, incredible work of @nswpolice http://t.co/iCffJZ9NuZ",TRUE
272,21,'544382892378714113',sydneysiege,Five Hostages Escape Sydney Cafe Siege — Live Updates From @BuzzFeedOz http://t.co/aFHirytbFH http://t.co/BiLJuBBc5R,TRUE
273,22,'544277117039837184',sydneysiege,Flag in window of Sydney Lindt cafe not an ISIS flag. Reads: ‘There is no God but Allah and Muhammad is the messenger of God’ (@liztilley84),TRUE
274,23,'544358533819420672',sydneysiege,BREAKING: Three hostages appear to have escaped the Sydney cafe where a siege remains ongoing. http://t.co/akfqcnbofX #sydneyseige,TRUE
275,24,'544391533240516608',sydneysiege,Five hostages have escaped the besieged Lindt Cafe in #Sydney | Our latest update: http://t.co/XJVICQdu0y http://t.co/aNGBZsCmdQ,TRUE
276,25,'544289941996326912',sydneysiege,Prime Minister Tony Abbott's statement on the #SydneySiege. Updates: http://t.co/EgWHAnjO35 http://t.co/AGhyN5Qkei,TRUE
277,26,'544350567183556608',sydneysiege,We can see people coming out a firedoor near the Lindt cafe to waiting police. 2-3 people. Hard to see. #sydneysiege,TRUE
278,27,'544305540286148609',sydneysiege,A man believed to be the gunman filmed wearing a black headband inside the cafe http://t.co/7ixIlhiVXZ http://t.co/dOW5zfm1uU,TRUE
279,28,'544511199702822913',sydneysiege,POLICE MOVE IN: Police confirm live ammunition used in Martin Place #sydneysiege,TRUE
280,29,'544268732046913536',sydneysiege,#BREAKING: Hostages are being held and a siege is taking place at Sydney's Lindt Chocolat Cafe in Martin Place.,TRUE
281,30,'544291804057960448',sydneysiege,FIRST PHOTOS: Hostage pressed against a window. #SydneySiege http://t.co/MOy8zCHp5a,TRUE
282,31,'544514570367168512',sydneysiege,"#SydneySiege: Latest video of hostages escaping.
https://t.co/eFfgSbt2hO",unverified
283,32,'5.44307E+17',sydneysiege,"US evacuated Consulate in Sydney after #sydneysiege. Emergency warning to U.S. citizens urging them to ""maintain high level of vigilance"".",FALSE
284,33,'544282005941530624',sydneysiege,Hostages in Sydney cafe made to hold up Islamic flags http://t.co/I1PsUPekkB,TRUE
285,34,'544512910538838016',sydneysiege,"UPDATE: Hostages fleeing #Sydney cafe held by Iranian gunman as explosions, gunshots are heard: http://t.co/WrPVZSJHlX",FALSE
286,35,'544510450101415936',sydneysiege,"Several more hostages flee from cafe under siege in Sydney, local media say http://t.co/YjuafDPNEY",FALSE
287,36,'544272537341812736',sydneysiege,SYDNEY SIEGE: Gunman forces hostages to hold up ISIS flag in window http://t.co/9K3XXEiSFa http://t.co/cATxCjYXpy,FALSE
288,37,'544352727971954690',sydneysiege,"Local media: 3 people appear to escape from Martin Place, Sydney, café, amid hostage situation - @ABCNews http://t.co/N5mmnilz4Z",TRUE
289,38,'544271284796784640',sydneysiege,"DEVELOPING: Gunman Takes Hostages In Sydney Cafe, 'ISIS' Flags Being Held Against Window - http://t.co/gDkig15YuN http://t.co/suVfoMmBwM",TRUE
290,39,'544287209730236416',sydneysiege,"Sydney Opera House evacuated, concourse deserted http://t.co/NMbuLCimKV #SydneySiege (via @cberkman) http://t.co/QYlOU0REVw",FALSE
291,40,'544517264054423552',sydneysiege,#BREAKING: Police have confirmed that the #SydneySiege is over. #9News,TRUE
292,41,'544328894812549121',sydneysiege,"#SYDNEYSIEGE: Hostage-takers ‘have suicide belts, demand radio convo with #Abbott’ – report http://t.co/1ZlzKDjvSf http://t.co/7Jej7i4SlO",FALSE
293,42,'544518335019229184',sydneysiege,#BREAKING: At least two people have died following the #SydneySiege. 5 people are being treated by paramedics.,TRUE
294,43,'544504183341064192',sydneysiege,"Escaped #SydneySiege hostage, Elly Chen, a top student and skilled sportswoman http://t.co/cOyz8N2IMb http://t.co/48YdSm7lJB",TRUE
295,44,'544305745416581120',sydneysiege,Police stand guard as hostages are held in a cafe in Sydney. Follow AFP's LIVE REPORT: http://t.co/yKWnSmShSY http://t.co/wyjunPbDfo,FALSE
296,45,'544271069146656768',sydneysiege,We understand there are two gunmen and up to a dozen hostages inside the cafe under siege at Sydney.. ISIS flags remain on display #7News,FALSE
297,46,'544291965513134080',sydneysiege,"According to Seven, this is a picture of the gunman http://t.co/3Zor3gSOSO",TRUE
298,47,'544301453717041152',sydneysiege,BREAKING UPDATE: Gunman says four devices are located around Sydney. Security response underway. Police calling for calm. 9News,TRUE
299,48,'544399927045283840',sydneysiege,"NSW Police confirm 5 hostages have emerged from #sydneysiege and they are negotiating: ""It might take a bit of time"" http://t.co/le9r9REzdR",TRUE
300,49,'544283772569788416',sydneysiege,Live Updates: Siege in Sydney Cafe http://t.co/aNIHU5DlLj,TRUE
301,50,'544288681021145090',sydneysiege,Up to 20 held hostage in Sydney Lindt Cafe siege http://t.co/4KisV2PKI5 http://t.co/qIaa63SCQk,FALSE
302,51,'544278335455776769',sydneysiege,"#BREAKING Hostages held inside Sydney cafe, Islamic flag held up",TRUE
303,52,'544462330105712640',sydneysiege,Sydney airspace wasn't closed. A second terror suspect wasn't arrested. Myths around #sydneysiege debunked. http://t.co/yTLKLUKnFd,FALSE
304,53,'544274934835707905',sydneysiege,Several people being held hostage at a Sydney cafe. Australian tv showing people with  hands up against a window: http://t.co/AD2PR4OPFq,TRUE
305,54,'544512664769396736',sydneysiege,"BREAKING: Police enter #Lindt cafe, hostages flee http://t.co/iuaLgRi7jj  #sydneysiege http://t.co/hXZ8EffN3f",TRUE
306,55,'544277860555710464',sydneysiege,ISIS -holding a Cafe hostage in Sydney- forcing Hostages to press ISIS flags against the Windows #DramaAlert HOT! http://t.co/XwXLvvWc76,FALSE
307,56,'544289311504355328',sydneysiege,Statement from Prime Minister Tony Abbott on Sydney hostage situation. http://t.co/MHkNRZFQWB,TRUE
308,57,'544513524438155264',sydneysiege,"Sydney siege: police enter cafe as hostages flee the scene, gunfire heard, reports of an injured person – live http://t.co/c4xbud6a3m",TRUE
309,58,'544269749405097984',sydneysiege,BREAKING: Live coverage of hostage situation unfolding in Sydney's Martin Place http://t.co/TTG8ye71Zg http://t.co/iTwradHTb3,TRUE
310,59,'544306402731507712',sydneysiege,#pmharper tweets 'Canada's thoughts and prayers are with our Australian friends.' 13-40 hostages held in cafe in #Sydney. #SydneySiege,FALSE
311,60,'544520273718812672',sydneysiege,Police confirm that #sydneysiege is finally over. Two people reportedly injured after suffering gunshot wounds http://t.co/nsprnSYTDT,TRUE
312,61,'544310853613281281',sydneysiege,The Sydney cafe siege may be part of a larger plot. @Y7News #MartinPlaceSiege http://t.co/f2aTNEpjmh http://t.co/DE4IBxv73K,FALSE
313,62,'544358564484378624',sydneysiege,Police: Negotiators are now in contact with armed hostage-taker in Sydney situation; motive remains unknown - http://t.co/mp18E4DdjW,TRUE
314,63,'544289409294553088',sydneysiege,Full statement from PM Abbott on #Sydneysiege #MartinPlace #Lindt. http://t.co/7ilKZGNBDz,TRUE
315,64,'544391176137089024',sydneysiege,"Hostage taker in Sydney cafe demands ISIS flag and call with Australian PM, Sky News reports. http://t.co/a2vgrn30Xh #sydneysiege",TRUE
316,65,'544520042810200064',sydneysiege,"#sydneysiege is over. 2 confirmed dead, #PrayForSydney #PrayForSydneyHostages #Sydney #hostages",TRUE
317,66,'544292129972170752',sydneysiege,BREAKING ALERT: Preliminary reports indicate perpetrators appear to be members of #ISIS. #SydneySiege,FALSE
318,67,'544319274072817664',sydneysiege,"Ray Hadley says he spoke with hostage, and could hear the gunman in the background barking orders and demanding to go live on air",TRUE
319,68,'544512676643500033',sydneysiege,BREAKING  @SkyBusiness: freed hostage borne high from #sydneysiege w/c.4 paramedic teams on the scene http://t.co/DKBQI5tx4B ( carsonscottLI,TRUE
320,69,'544476808566276097',sydneysiege,TV channels have chosen not to show videos of hostages relaying #sydneysiege gunman's demands. http://t.co/5jtd36wFOU http://t.co/oKJPRv40l3,TRUE
321,70,'544333764814323713',sydneysiege,"Gunman's headband reads, ""We are your soldiers O Muhammad"".
#MartinPlace #SydneySiege http://t.co/ggUgP4kV9c",TRUE
322,71,'544274544174071809',sydneysiege,Take a break from bashing Cheney and waterboarding. Possible ISIS terrorist attack ongoing in Sydney. http://t.co/nkksw4ozE2,unverified
323,72,'544294893146091520',sydneysiege,Ongoing hostage situation in Sydney café. #sydneysiege Major landmarks like the Sydney Opera House evacuated  http://t.co/fmvq54QmTO,FALSE
324,73,'544315472075042818',sydneysiege,US consulate in #Sydney reportedly evacuated amid ongoing hostage situation at chocolate shop http://t.co/n4D3yGjso9 http://t.co/ayL7vvqxl8,unverified
