,Unnamed: 0,id,post,label,Remarks (Is this a rumor?                                         (True: If it is a rumor; False: if not rumor)
0,0,1hzz6y,Even ants won't eat aspartame!,False,"This is a fact (correct information) hence, non-rumor. Thus marked false. "
1,1,1i8cy7,"""Cancer is a fungus"" - this idea from the 60s is apparently receiving new attention. Please advise.",True,
2,2,1i8ljs,"repost from TIL : 'financial guru' Robert Kiyosaki, author of Rich Dad, Poor Dad, filed for bankruptcy last year",False,https://thecollegeinvestor.com/4726/ultimate-hypocrite-robert-kiyosaki-companys-bankruptcy/
3,3,1jvbd8,"Is it true that if you are not a member of the media, the DOJ no longer needs a warrant to obtain your emails and phone records?",False,
4,4,4c7iec,"Fukushima spewing equivalent of 112 Hiroshima-type nuclear bombs worth of radiation every hour, of every day. (This canNOT be true...)",True,
5,5,7d28gk,"How much truth is there in the statement that ""Only 15%-20% of actually soldiers fired their weapons in WW2?""",True,
6,6,6rimvf,Debunk This: Microwaves are bad because microwaved water kills plants,True,"This is a rumor, as it doesnt affect the plants"
7,7,4dfdvo,"Debunk this: Nicotine isn't really bad for you, and it's the other substances that makes tobacco so harmful.",False,
8,8,5l23au,[serious] Man and dinosaurs lived at the same time.,True,
9,9,5mkmg1,Would Labour win if young people voted?,False,
10,10,5qzxep,California To Allow Illegal Immigrants To Vote For The Next President,False,
11,11,6a4cji,Queen backs Brexit' - The Sun front page tomorrow,True,
12,12,6hb6b3,[Debunk this]Carl Sagan settled an argument between Stanley Kubrick and Arthur C. Clarke about how aliens should look in their film 2001,False,
13,13,6o9ozz,"Debunk this: Fluoride declared neurotoxin, causing an adhd and dyslexia pandemic in millions of children worldwide",False,
14,14,5938df,"In an episode of a Tv show released recently, someone stated: ""Only 15% of soldiers during ww2 pulled the trigger"". Is it true?",False,
15,15,934q6t,"California driver licenses given to 800,000 undocumented immigrants -- found those extra hillary votes",False,
16,16,644j1f,Debunk this: The '97% consensus' of scientists on climate change is complete bunk... fraudulent statistic repeated everywhere is based on blatant scientific FRAUD,False,
17,17,249p6c,"Is it true that if you have your phone on charge for too long, it damages your battery? If so, why?",False,
18,18,83ddtk,Donald Trump's travel expenses in 10 weeks cost US taxpayers as much as Barack Obama spent in two years,False,
19,19,78sxy7,Is it true that when you shave hair on a certain part of your body it grows back thicker?,False,
20,20,7jkthr,"Debunk this: Mt. Etna has already put out more than 10,000x tbe CO2 than humankind has in its entire existence.",False,
21,21,7p7cq,"People of Reddit! Game of Thrones Bosses Confirm That Seasons 7 and 8 Will Be Shorter Than Ever Before, is it true?",False,
22,22,66yxyf,Is it true the Earth is flat? Is there proof? Why there's people that believes it's true?,False,
23,23,63uefi,DEBUNK THIS: We could not return to earth after the moon landing because we could not bring enough fuel/rockets to get back.,True,https://www.rmg.co.uk/stories/topics/moon-landing-conspiracy-theories-debunked
24,24,31xv6u,"Debunk This: ""throughout human history, while 80% of women have reproduced, only 40% of men have""",False,
25,25,7z11oi,"What exactly is happening when you crack your joints, and is it true that it can cause arthritis?",False,
26,26,8d6h5t,Is it true that some people in America gets jailed for life to stealing witout violence? Why?,True,
27,27,8efswb,Did Trump call Republicans “the dumbest group of voters in the country”?,True,
28,28,8gp0d7,Is it true there has never been a war between two democracies? Yes! Israel's no longer democracy.,True,
29,29,8i274x,"Like in movies, Is it true when police are locating a phone call they need around 25 seconds to locate it ?",False,
30,30,46yxoy,"Oh sweet and wholesome Reddit, is it true US citizens have to pay to use US dollar bills as currency?",False,
31,31,46uw4y,"Brits of Reddit, is it true that when you're done eating, you must place your cutlery together on the same side of the plate? What are other little things like that non-Brits might not know?",False,
32,32,49l01s,"Is it true that we have as a species, twice as many female ancestors as we do male? &amp; If so, how does that math work out?",False,
33,33,25bvmb,[Serious] Is it true that 85% of people can only breath through one nostril at a time? Who here can breathe with both nostrils?,False,
34,34,22o24j,Did Eric Schneiderman Help NXIVM Sell Child Sex Slaves To The Clintons?,True,https://www.politifact.com/factchecks/2018/may/10/ny-evening-news/no-eric-schneiderman-didnt-sell-child-sex-slaves-c/
35,35,18dmb4,Face facts: Immigrants commit fewer crimes than U.S.-born peers,False,
36,36,8yktu5,Debunk this: The direction you sleep matters,False,
37,37,8unvgg,Is it true police officers must hit a quota at the end of every month? Why?,False,
38,38,8n9173,Jon Sopel: Bizarre. @realDonaldTrump says he came to Turnberry the day before Brexit and he told everyone that he thought Brexit would happen. And that he predicted correctly what would happen the next day. Umm. Not true. He came the day after Brexit. I was there. June 24,False,
39,39,8j9s33,"Iodine increases IQ and is an essential part of the human diet, yet is absent from almost all salts today.",True,
